tpop_2021, tpop_2020, tpop_2015, tpop_2016, tpop_2017, vifsa_name, tpop_2018, lga_name, tpop_2011, tpop_2012, tpop_2013, tpop_2014, tpop_2019, vifsa_code, tpop_2031, tpop_2030, tpop_2028, tpop_2029, tpop_2026, lga_code, tpop_2027, tpop_2024, tpop_2025, tpop_2022, tpop_2023
7619,7589,7488,7490,7511,"VIFSA Bright-Harrietville District",7534,"Alpine (S)",7507,7541,7506,7491,7561,"VIFSA.20110.10",7999,7957,7875,7916,7798,20110,7836,7721,7759,7651,7685
4471,4473,4508,4495,4487,"VIFSA Myrtleford District",4481,"Alpine (S)",4560,4562,4518,4525,4477,"VIFSA.20110.20",4500,4493,4480,4486,4469,20110,4474,4467,4468,4469,4467
3110,3112,3124,3128,3123,"VIFSA Ararat Rural",3118,"Ararat (RC)",3158,3147,3141,3125,3115,"VIFSA.20260.10",3052,3056,3067,3061,3079,20260,3072,3089,3083,3102,3095
8468,8404,8111,8171,8225,"VIFSA Ararat Town",8282,"Ararat (RC)",8168,8188,8087,8066,8342,"VIFSA.20260.20",8861,8819,8739,8778,8665,20260,8701,8580,8621,8503,8540
65876,65079,61112,62038,62765,"VIFSA Ballarat Central and East District",63519,"Ballarat (C)",57864,58646,59453,60247,64293,"VIFSA.20570.10",73692,72953,71466,72210,69978,20570,70721,68307,69139,66677,67486
3337,3333,3300,3323,3324,"VIFSA Benalla Rural",3325,"Benalla (RC)",3352,3320,3296,3279,3329,"VIFSA.21010.10",3356,3355,3354,3354,3355,21010,3355,3346,3350,3339,3342
10473,10451,10352,10392,10401,"VIFSA Benalla Town",10414,"Benalla (RC)",10471,10407,10394,10319,10431,"VIFSA.21010.20",10788,10752,10683,10716,10619,21010,10650,10553,10585,10497,10524
49851,49608,47653,48251,48666,"VIFSA Ashburton-Camberwell District",49019,"Boroondara (C)",45427,45986,46420,46890,49322,"VIFSA.21110.10",53356,52873,51988,52412,51185,21110,51581,50599,50877,50068,50334
57365,57198,55366,56004,56370,"VIFSA Balwyn-Canterbury District",56703,"Boroondara (C)",53797,54037,54438,54778,56974,"VIFSA.21110.20",59257,58993,58501,58737,58030,21110,58265,57734,57869,57457,57600
43329,42822,39504,40343,41068,"VIFSA Hawthorn District",41673,"Boroondara (C)",36430,36834,37771,38559,42290,"VIFSA.21110.30",47876,47351,46380,46853,45502,21110,45931,44654,45083,43810,44227
34363,34218,32959,33316,33644,"VIFSA Kew District",33859,"Boroondara (C)",31408,31601,31795,32385,34051,"VIFSA.21110.40",35316,35201,34974,35084,34727,21110,34857,34568,34640,34414,34493
110053,108799,102379,103626,104868,"VIFSA Cairnlea-Sunshine District",106186,"Brimbank (C)",94784,96907,98981,101001,107476,"VIFSA.21180.10",120169,119267,117466,118357,115551,21180,116540,113392,114452,111142,112277
97236,97182,96572,96518,96690,"VIFSA Keilor-Sydenham District",96916,"Brimbank (C)",96711,96430,96344,96703,97038,"VIFSA.21180.20",102877,102176,100808,101479,99477,21180,100141,98501,98970,97598,98039
5705,5755,6021,5966,5910,"VIFSA Buloke Shire",5856,"Buloke (S)",6465,6355,6216,6086,5805,"VIFSA.21270.10",5313,5346,5414,5380,5487,21270,5450,5570,5528,5659,5613
15457,15328,14712,14830,14950,"VIFSA Echuca Town",15075,"Campaspe (S)",14367,14400,14511,14611,15200,"VIFSA.21370.10",16738,16608,16347,16477,16091,21370,16218,15833,15961,15580,15706
10864,10827,10704,10695,10725,"VIFSA Kyabram District",10758,"Campaspe (S)",10683,10697,10739,10725,10792,"VIFSA.21370.20",11283,11239,11150,11194,11064,21370,11106,10981,11022,10901,10941
7536,7532,7566,7525,7525,"VIFSA Rochester District",7526,"Campaspe (S)",7690,7732,7646,7615,7529,"VIFSA.21370.30",7687,7675,7651,7663,7630,21370,7640,7590,7610,7553,7571
3849,3859,3915,3905,3893,"VIFSA Rushworth District",3881,"Campaspe (S)",4129,4131,3995,3929,3870,"VIFSA.21370.40",3877,3876,3875,3875,3875,21370,3875,3864,3869,3853,3858
29174,28578,26472,26646,26972,"VIFSA Emerald-Garfield District",27489,"Cardinia (S)",26228,26377,26326,26351,28009,"VIFSA.21450.10",37499,36574,34762,35659,33000,21450,33876,31317,32145,29817,30543
9771,9279,7353,7593,7920,"VIFSA Koo Wee Rup District",8341,"Cardinia (S)",6695,6908,7148,7189,8799,"VIFSA.21450.20",14118,13726,12923,13327,12096,21450,12513,11209,11658,10253,10743
1632,1615,1550,1554,1568,"VIFSA Ballarat Rural",1584,"Ballarat (C)",1530,1532,1534,1547,1599,"VIFSA.20570.20",1799,1784,1754,1769,1724,20570,1739,1686,1705,1650,1668
8384,8254,7579,7755,7876,"VIFSA Buninyong-Mount Helen District",8000,"Ballarat (C)",7035,7140,7303,7411,8127,"VIFSA.20570.30",9222,9137,8967,9052,8797,20570,8882,8628,8712,8464,8545
80737,76961,57207,61365,65518,"VIFSA Officer-Pakenham District",69399,"Cardinia (S)",42909,46893,50528,53488,73196,"VIFSA.21450.30",109737,107643,103135,105466,97696,21450,100531,91070,94391,84186,87647
119420,118601,113829,114957,115829,"VIFSA Berwick-Narre Warren District",116817,"Casey (C)",110533,111487,112159,112889,117695,"VIFSA.21610.10",128889,127962,125988,126980,123874,21610,124951,122051,122945,120236,121147
164937,157350,121464,128398,135093,"VIFSA Cranbourne District",142281,"Casey (C)",95070,100197,106728,114008,149641,"VIFSA.21610.20",240516,233223,218313,225808,203089,21610,210731,187440,195186,172229,179778
50979,50588,48901,49094,49402,"VIFSA Doveton-Hallam District",49812,"Casey (C)",47973,48267,48348,48816,50182,"VIFSA.21610.30",55675,55233,54309,54774,53300,21610,53810,52342,52816,51414,51873
8074,8001,7682,7720,7780,"VIFSA Pearcedale-Tooradin District",7850,"Casey (C)",7706,7689,7672,7702,7911,"VIFSA.21610.40",8826,8750,8592,8672,8424,21610,8509,8283,8352,8145,8213
4845,4856,4879,4913,4896,"VIFSA Central Goldfields Rural",4881,"Central Goldfields (S)",4905,4863,4883,4851,4868,"VIFSA.21670.10",4700,4726,4776,4751,4826,21670,4801,4831,4829,4840,4835
39584,38250,32018,32997,34293,"VIFSA Delacombe-Miners Rest District",35602,"Ballarat (C)",28763,29598,30299,31071,36923,"VIFSA.20570.40",54938,53307,50036,51672,46766,20570,48401,43874,45318,41008,42438
74142,73517,69946,70625,71302,"VIFSA Ivanhoe-Rosanna District",72098,"Banyule (C)",66623,67317,68014,68939,72828,"VIFSA.20660.10",80454,79731,78355,79026,77056,20660,77704,75849,76440,74672,75256
58353,58065,56632,56804,57043,"VIFSA Lower Plenty-Watsonia District",57406,"Banyule (C)",56360,56283,56368,56564,57728,"VIFSA.20660.20",62310,61830,60915,61360,60033,20660,60477,59337,59675,58652,58997
11532,11272,10093,10255,10503,"VIFSA Phillip Island",10756,"Bass Coast (S)",9657,9751,9815,9955,11013,"VIFSA.20740.10",13814,13588,13135,13362,12683,20740,12909,12218,12450,11759,11988
26366,25745,22472,23326,23917,"VIFSA Wonthaggi District",24519,"Bass Coast (S)",20575,20863,21167,21674,25129,"VIFSA.20740.20",33058,32437,31195,31817,29955,20740,30575,28510,29231,27076,27791
41082,39841,33832,34968,36165,"VIFSA Drouin-Warragul District",37380,"Baw Baw (S)",30369,31264,31994,32781,38605,"VIFSA.20830.10",54151,52781,50041,51412,47303,20830,48672,44799,46049,42314,43554
14577,14337,13267,13410,13634,"VIFSA Neerim-Trafalgar District",13864,"Baw Baw (S)",13018,13059,13175,13158,14099,"VIFSA.20830.20",17094,16841,16332,16587,15825,20830,16078,15321,15572,14823,15071
8822,8727,8279,8364,8451,"VIFSA Linton-Smythesdale District",8540,"Golden Plains (S)",7921,8029,8122,8201,8633,"VIFSA.22490.20",9766,9673,9485,9579,9297,22490,9390,9103,9199,8914,9008
29228,29307,29712,29545,29468,"VIFSA Belgrave-Olinda District",29428,"Yarra Ranges (S)",30400,30296,30005,29954,29362,"VIFSA.27450.10",29289,29260,29212,29231,29144,27450,29183,29158,29146,29188,29171
13662,13640,13470,13487,13516,"VIFSA Healesville District",13568,"Yarra Ranges (S)",13175,13220,13344,13429,13604,"VIFSA.27450.20",14301,14225,14072,14147,13921,27450,13997,13808,13862,13706,13756
82577,81109,76806,77323,78095,"VIFSA Kilsyth-Lilydale District",79009,"Yarra Ranges (S)",75036,75413,75739,76352,79945,"VIFSA.27450.30",95025,94172,92284,93314,89922,27450,91156,87138,88519,84107,85661
14194,14101,13890,13890,13905,"VIFSA Monbulk-Seville District",13971,"Yarra Ranges (S)",13728,13753,13802,13890,14034,"VIFSA.27450.40",15199,15113,14933,15020,14738,27450,14840,14562,14652,14301,14438
42167,41983,40343,40812,41093,"VIFSA Brighton District",41447,"Bayside (C)",38613,38902,39437,40106,41727,"VIFSA.20910.10",44416,44155,43649,43896,43162,20910,43405,42742,42943,42334,42543
63963,63488,60426,61040,61578,"VIFSA Hampton-Sandringham District",62253,"Bayside (C)",57506,58090,58858,59841,62908,"VIFSA.20910.20",68074,67684,66922,67294,66085,20910,66520,65293,65675,64409,64884
8194,8114,7778,7816,7886,"VIFSA Maryborough Town",7960,"Central Goldfields (S)",7674,7725,7727,7748,8037,"VIFSA.21670.20",9067,8986,8821,8903,8656,21670,8738,8467,8561,8284,8375
3256,3259,3279,3281,3274,"VIFSA Apollo Bay-Gellibrand District",3268,"Colac-Otway (S)",3420,3403,3350,3280,3263,"VIFSA.21750.10",3308,3298,3280,3289,3265,21750,3272,3259,3262,3256,3257
5208,5212,5259,5242,5232,"VIFSA Beeac-Swan Marsh District",5224,"Colac-Otway (S)",5398,5338,5294,5282,5217,"VIFSA.21750.20",5255,5245,5227,5235,5213,21750,5219,5208,5210,5207,5207
236,234,225,229,230,"VIFSA Upper Yarra Valley District",232,"Yarra Ranges (S)",221,221,221,221,233,"VIFSA.27450.50",257,254,250,252,245,27450,247,241,243,238,239
16774,16715,16437,16465,16544,"VIFSA Warburton-Yarra Junction District",16612,"Yarra Ranges (S)",16347,16347,16333,16238,16665,"VIFSA.27450.60",17608,17529,17368,17448,17185,27450,17281,17028,17111,16845,16935
6434,6478,6776,6674,6621,"VIFSA Yarriambiack Shire",6571,"Yarriambiack (S)",7183,7099,7027,6890,6524,"VIFSA.27630.10",6208,6217,6238,6227,6264,27630,6251,6327,6295,6396,6361
798,794,779,780,783,"VIFSA Unincorporated Vic",786,"Unincorporated Vic",773,778,780,780,790,"VIFSA.29399.10",844,839,830,834,820,29399,825,811,816,802,806
12519,12440,12039,12152,12218,"VIFSA Colac Town",12289,"Colac-Otway (S)",11981,12013,12018,11939,12363,"VIFSA.21750.30",13615,13492,13253,13372,13023,21750,13137,12814,12917,12615,12714
8628,8661,8827,8819,8775,"VIFSA Camperdown-Lismore District",8735,"Corangamite (S)",9118,9031,8907,8845,8697,"VIFSA.21830.10",8416,8429,8459,8443,8494,21830,8476,8543,8518,8598,8570
6976,7005,7145,7142,7104,"VIFSA Cobden-Port Campbell District",7070,"Corangamite (S)",7410,7332,7210,7155,7037,"VIFSA.21830.20",6804,6812,6833,6822,6857,21830,6844,6901,6878,6949,6924
58777,58242,54400,55337,56247,"VIFSA Northcote-Thornbury District",56963,"Darebin (C)",50971,51525,52504,53305,57639,"VIFSA.21890.10",63288,62653,61569,62077,60638,21890,61097,59856,60233,59107,59486
108053,106299,96204,98300,100511,"VIFSA Preston-Reservoir District",102478,"Darebin (C)",91971,93116,94183,95423,104440,"VIFSA.21890.20",125839,123821,120017,121873,116322,21890,118171,112995,114628,109668,111365
15193,14986,14044,14197,14386,"VIFSA Bairnsdale Town",14582,"East Gippsland (S)",13458,13601,13658,13927,14782,"VIFSA.22110.10",17415,17186,16727,16957,16269,22110,16498,15833,16050,15404,15617
17733,17469,16168,16456,16699,"VIFSA Lakes District",16951,"East Gippsland (S)",15300,15515,15719,15920,17208,"VIFSA.22110.20",20553,20269,19699,19984,19130,22110,19414,18565,18847,18007,18285
7620,7575,7364,7415,7451,"VIFSA Omeo District",7490,"East Gippsland (S)",7272,7343,7335,7331,7532,"VIFSA.22110.30",8050,8009,7927,7968,7845,22110,7886,7752,7799,7663,7707
6470,6481,6559,6543,6524,"VIFSA Orbost District",6508,"East Gippsland (S)",6800,6720,6676,6592,6494,"VIFSA.22110.40",6222,6252,6310,6281,6368,22110,6339,6406,6387,6448,6427
81600,81103,78304,78831,79344,"VIFSA Frankston-Seaford District",79987,"Frankston (C)",76755,77114,77379,77798,80543,"VIFSA.22170.10",87220,86500,85232,85832,84156,22170,84676,83083,83596,82076,82575
10798,10742,10405,10534,10581,"VIFSA Geelong Newtown District",10633,"Greater Geelong (C)",10030,10029,10216,10296,10687,"VIFSA.22750.40",11314,11255,11138,11196,11022,22750,11080,10929,10975,10840,10884
61380,60909,58181,58723,59228,"VIFSA Langwarrin-Skye District",59803,"Frankston (C)",53595,54640,56080,57445,60339,"VIFSA.22170.20",67001,66316,65094,65680,63980,22170,64528,62984,63468,61928,62482
9348,9428,9949,9771,9680,"VIFSA Gannawarra Shire",9593,"Gannawarra (S)",10453,10372,10314,10145,9509,"VIFSA.22250.10",9164,9176,9203,9189,9238,22250,9220,9275,9255,9321,9297
54759,54515,52592,53154,53504,"VIFSA Bentleigh District",53895,"Glen Eira (C)",48933,49838,50624,51630,54212,"VIFSA.22310.10",58122,57689,56882,57273,56133,22310,56502,55512,55805,54971,55237
60308,59909,58336,58716,59061,"VIFSA Altona-Seabrook District",59343,"Hobsons Bay (C)",55244,55728,56574,57787,59611,"VIFSA.23110.10",67136,66567,65387,65988,63958,23110,64704,62406,63148,60977,61669
99054,98359,93940,94896,95687,"VIFSA Carnegie-Caulfield District",96644,"Glen Eira (C)",88219,89404,90789,92429,97537,"VIFSA.22310.20",105829,105065,103674,104343,102364,22310,103015,101071,101695,99696,100418
8228,8265,8488,8433,8387,"VIFSA Glenelg Rural",8344,"Glenelg (S)",8955,8839,8658,8552,8304,"VIFSA.22410.10",8112,8114,8122,8117,8135,22410,8128,8168,8151,8207,8186
11033,10991,10822,10850,10880,"VIFSA Portland Town",10914,"Glenelg (S)",10894,10923,10842,10806,10952,"VIFSA.22410.20",11466,11415,11319,11366,11229,22410,11273,11145,11186,11068,11105
15428,15008,12835,13349,13758,"VIFSA Bannockburn-Meredith District",14173,"Golden Plains (S)",11037,11441,12014,12343,14590,"VIFSA.22490.10",19075,18698,17944,18321,17192,22490,17567,16481,16836,15777,16128
25767,25099,21822,22488,23129,"VIFSA Ascot-Eaglehawk District",23780,"Greater Bendigo (C)",19066,19606,20395,21181,24437,"VIFSA.22620.10",32983,32252,30788,31520,29325,22620,30056,27890,28606,26470,27178
44324,43551,39932,40565,41290,"VIFSA Bendigo-Kangaroo Flat District",42034,"Greater Bendigo (C)",37983,38537,38925,39343,42787,"VIFSA.22620.20",52469,51644,49991,50817,48340,22620,49165,46714,47524,45113,45909
34263,33772,31515,31897,32350,"VIFSA East Bendigo-Strathfieldsaye District",32817,"Greater Bendigo (C)",30291,30611,30892,31168,33291,"VIFSA.22620.30",39680,39126,38016,38571,36907,22620,37461,35834,36369,34780,35304
16830,16565,15401,15547,15793,"VIFSA Greater Bendigo Rural",16047,"Greater Bendigo (C)",14669,14861,15021,15272,16304,"VIFSA.22620.40",19618,19327,18744,19035,18163,22620,18453,17622,17892,17091,17355
69885,68835,62403,63725,65140,"VIFSA Dandenong District",66469,"Greater Dandenong (C)",58116,59064,60060,61130,67690,"VIFSA.22670.10",80531,79430,77255,78333,75111,22670,76180,72970,74013,70883,71927
38152,37562,33834,34661,35419,"VIFSA Newport-Williamstown District",36125,"Hobsons Bay (C)",32152,32547,32832,33361,36878,"VIFSA.23110.20",40538,40325,39891,40106,39415,23110,39661,39069,39235,38510,38895
3346,3347,3360,3360,3355,"VIFSA Horsham Rural",3351,"Horsham (RC)",3424,3421,3397,3366,3349,"VIFSA.23190.10",3439,3431,3415,3422,3402,23190,3408,3377,3389,3355,3366
98853,97856,90333,92188,93995,"VIFSA Keysborough-Springvale District",95486,"Greater Dandenong (C)",84051,85248,86555,88388,96723,"VIFSA.22670.20",110109,108737,106166,107420,103784,22670,104959,101750,102748,99784,100758
48082,46912,41474,42288,43425,"VIFSA Barwon Heads-Portarlington District",44581,"Greater Geelong (C)",38245,38795,39639,40736,45744,"VIFSA.22750.10",61269,59891,57135,58512,54387,22750,55759,51848,53116,49331,50588
42452,42265,41188,41572,41727,"VIFSA Bell Park-Corio District",41900,"Greater Geelong (C)",40956,40818,40712,40879,42081,"VIFSA.22750.20",44831,44562,44025,44293,43493,22750,43758,43062,43276,42650,42854
107629,106513,100603,101736,102917,"VIFSA Moorabbin-Mordialloc District",104235,"Kingston (C)",96273,97552,98650,99764,105400,"VIFSA.23430.20",119417,117992,115304,116611,112842,23430,114043,110711,111744,108705,109714
13462,13345,12784,12894,13001,"VIFSA Geelong Central District",13114,"Greater Geelong (C)",12422,12506,12602,12696,13229,"VIFSA.22750.30",14840,14703,14427,14565,14154,22750,14290,13873,14013,13597,13735
71700,71108,67521,68121,68872,"VIFSA Bayswater-Ferntree Gully District",69725,"Knox (C)",66462,66629,66811,67152,70443,"VIFSA.23670.10",78644,77930,76448,77194,74903,23670,75678,73573,74212,72299,72928
43595,43422,42171,42322,42655,"VIFSA Rowville District",42955,"Knox (C)",42194,42098,41960,41940,43189,"VIFSA.23670.20",45920,45645,45101,45370,44562,23670,44831,44154,44351,43765,43957
50112,49688,47150,47573,48177,"VIFSA Scoresby-Wantirna District",48660,"Knox (C)",45967,45865,46026,46417,49178,"VIFSA.23670.30",54633,54193,53282,53740,52324,23670,52809,51523,51911,50588,51102
12042,11960,11710,11665,11732,"VIFSA Churchill District",11804,"Latrobe (C)",11584,11684,11716,11786,11881,"VIFSA.23810.10",12914,12841,12693,12767,12547,23810,12620,12340,12443,12139,12239
4712,4697,4630,4650,4659,"VIFSA Glengarry North-Tyers District",4670,"Latrobe (C)",4653,4659,4631,4622,4683,"VIFSA.23810.20",4733,4735,4740,4738,4744,23810,4742,4730,4737,4717,4723
16578,16554,16430,16498,16503,"VIFSA Moe Town",16515,"Latrobe (C)",16942,16723,16552,16403,16532,"VIFSA.23810.30",17688,17524,17195,17360,16867,23810,17031,16746,16806,16631,16687
14271,14229,14101,14096,14121,"VIFSA Morwell Town",14153,"Latrobe (C)",14302,14334,14190,14140,14189,"VIFSA.23810.40",14946,14869,14714,14792,14560,23810,14637,14440,14499,14325,14381
28716,28357,26819,26994,27319,"VIFSA Traralgon Town",27657,"Latrobe (C)",26307,26577,26689,26711,28004,"VIFSA.23810.50",32173,31828,31135,31482,30444,23810,30789,29742,30092,29053,29396
7297,7314,7386,7399,7374,"VIFSA Loddon Shire",7352,"Loddon (S)",7549,7494,7438,7381,7332,"VIFSA.23940.10",7172,7182,7204,7193,7225,23940,7214,7251,7238,7280,7265
25052,24768,22901,23477,23816,"VIFSA Gisborne District",24151,"Macedon Ranges (S)",21267,21611,21925,22285,24461,"VIFSA.24130.10",28703,28301,27517,27903,26762,24130,27137,26063,26409,25378,25719
20393,20237,19563,19640,19781,"VIFSA Geelong West District",19930,"Greater Geelong (C)",19247,19350,19443,19522,20082,"VIFSA.22750.50",21900,21756,21466,21611,21180,22750,21323,20858,21018,20545,20701
10199,10066,9443,9563,9684,"VIFSA Kyneton District",9809,"Macedon Ranges (S)",8879,9068,9205,9334,9937,"VIFSA.24130.20",11400,11283,11048,11165,10813,24130,10930,10562,10687,10318,10439
13932,13802,13153,13231,13351,"VIFSA Romsey District",13513,"Macedon Ranges (S)",12714,12841,12936,13096,13657,"VIFSA.24130.30",16220,15925,15371,15640,14865,24130,15113,14487,14674,14111,14299
101189,100017,93068,94478,96081,"VIFSA Doncaster-Templestowe District",97439,"Manningham (C)",90211,90582,90955,91943,98815,"VIFSA.24210.10",110253,109337,107513,108430,105703,24210,106606,103991,104853,102335,103147
26957,26915,26681,26706,26736,"VIFSA Donvale-Warrandyte District",26802,"Manningham (C)",26533,26437,26471,26578,26854,"VIFSA.24210.20",28232,28079,27780,27926,27489,24210,27636,27261,27373,27051,27156
8950,8834,8297,8392,8498,"VIFSA Mansfield Shire",8607,"Mansfield (S)",7943,8050,8170,8207,8720,"VIFSA.24250.10",10043,9944,9749,9846,9560,24250,9654,9310,9434,9068,9188
101033,97687,83752,86877,89695,"VIFSA Maribyrnong City",92208,"Maribyrnong (C)",75154,76866,79242,81859,94978,"VIFSA.24330.10",120306,118959,116078,117562,113094,24330,114598,108975,111126,104286,106686
65899,65585,63744,64033,64424,"VIFSA Croydon District",64867,"Maroondah (C)",60958,61400,62304,63273,65220,"VIFSA.24410.10",73343,72374,70626,71468,69042,24410,69828,67724,68367,66461,67088
51290,50874,48484,48937,49350,"VIFSA Ringwood District",49870,"Maroondah (C)",46361,46776,47209,47960,50378,"VIFSA.24410.20",56859,56176,54901,55519,53735,24410,54309,52722,53216,51740,52235
65580,64298,58078,59249,60485,"VIFSA Grovedale-Highton District",61747,"Greater Geelong (C)",53880,54640,55779,57012,63019,"VIFSA.22750.60",79888,78438,75538,76987,72648,22750,74090,69798,71220,66978,68385
20356,19876,17603,17981,18447,"VIFSA Lara District",18921,"Greater Geelong (C)",15861,16392,16845,17257,19397,"VIFSA.22750.70",25370,24872,23877,24374,22885,22750,23381,21866,22375,20857,21361
29731,29243,26901,27330,27796,"VIFSA Leopold-Newcomb District",28274,"Greater Geelong (C)",25192,25613,26117,26520,28757,"VIFSA.22750.80",33930,33547,32782,33165,32022,22750,32401,31095,31557,30182,30637
3860,3866,3912,3891,3883,"VIFSA Arcadia-Tallygaroopna District",3877,"Greater Shepparton (C)",4012,3990,3964,3938,3871,"VIFSA.22830.10",3941,3935,3922,3928,3910,22830,3916,3889,3900,3870,3879
10448,10399,10226,10213,10256,"VIFSA Ardmona-Murchison District",10302,"Greater Shepparton (C)",10183,10209,10185,10251,10350,"VIFSA.22830.20",10983,10928,10818,10873,10711,22830,10764,10603,10656,10498,10550
54708,53894,49860,50699,51482,"VIFSA Shepparton Town",52281,"Greater Shepparton (C)",47571,48191,48600,49079,53085,"VIFSA.22830.30",63050,62180,60444,61311,58722,22830,59579,57101,57907,55499,56298
6619,6555,6279,6315,6372,"VIFSA Clunes-Creswick District",6431,"Hepburn (S)",6246,6255,6258,6249,6493,"VIFSA.22910.10",7297,7237,7115,7176,6994,22910,7055,6841,6917,6692,6766
9439,9319,8745,8860,8970,"VIFSA Daylesford-Glenlyon District",9084,"Hepburn (S)",8383,8457,8544,8639,9201,"VIFSA.22910.20",10621,10515,10301,10408,10088,22910,10194,9824,9955,9566,9694
5352,5378,5551,5497,5464,"VIFSA Hindmarsh Shire",5434,"Hindmarsh (S)",5858,5784,5673,5614,5406,"VIFSA.22980.10",4932,4969,5045,5007,5125,22980,5085,5212,5168,5304,5257
17163,17028,16412,16525,16641,"VIFSA Horsham Town",16764,"Horsham (RC)",16099,16209,16270,16327,16894,"VIFSA.23190.20",18784,18614,18284,18448,17969,23190,18125,17633,17798,17315,17472
73301,72912,70629,70962,71378,"VIFSA Broadmeadows District",71912,"Hume (C)",69061,69158,69594,70416,72417,"VIFSA.23270.10",78747,78112,76895,77488,75745,23270,76317,74781,75246,73787,74325
112339,108119,86084,90785,95151,"VIFSA Bulla-Craigieburn District",99502,"Hume (C)",69123,72548,77083,81597,103799,"VIFSA.23270.20",152688,148923,140974,144984,132720,23270,136887,124719,128735,116456,120617
42603,41452,37022,37474,38199,"VIFSA Sunbury District",39259,"Hume (C)",36107,36295,36414,36806,40321,"VIFSA.23270.30",60866,58696,54442,56541,50460,23270,52415,46959,48640,43947,45408
12180,12103,11757,11827,11889,"VIFSA Beechworth-Chiltern District",11957,"Indigo (S)",11578,11636,11641,11695,12028,"VIFSA.23350.10",12975,12893,12733,12812,12579,23350,12655,12411,12494,12254,12331
3765,3755,3718,3723,3729,"VIFSA Rutherglen District",3736,"Indigo (S)",3739,3740,3719,3715,3745,"VIFSA.23350.20",3962,3937,3890,3913,3845,23350,3867,3810,3827,3779,3794
56582,56178,53765,54260,54751,"VIFSA Aspendale-Chelsea District",55274,"Kingston (C)",52031,52462,52921,53315,55724,"VIFSA.23430.10",62050,61350,60042,60675,58862,23430,59440,57871,58348,56969,57408
50590,48673,39498,41792,43191,"VIFSA CBD-East Melbourne District",44527,"Melbourne (C)",27053,29172,34649,36259,46738,"VIFSA.24600.10",65597,64764,63058,63933,61312,24600,62184,57475,59633,53252,55345
3071,3062,3012,3036,3041,"VIFSA Avoca-Landsborough District",3047,"Pyrenees (S)",3072,3054,3026,2991,3055,"VIFSA.25990.10",3126,3113,3086,3099,3059,25990,3072,3062,3060,3067,3065
4129,4074,3926,3866,3916,"VIFSA Beaufort-Snake Valley District",3968,"Pyrenees (S)",3684,3698,3734,3990,4021,"VIFSA.25990.20",4613,4571,4486,4529,4402,25990,4444,4291,4346,4182,4236
3062,3056,3036,3035,3039,"VIFSA Queenscliffe Borough",3044,"Queenscliffe (B)",3069,3074,3060,3042,3050,"VIFSA.26080.10",3159,3149,3128,3138,3107,26080,3117,3088,3097,3070,3079
9374,9247,8702,8763,8879,"VIFSA Korumburra District",8999,"South Gippsland (S)",8524,8576,8650,8663,9122,"VIFSA.26170.10",10795,10650,10359,10505,10069,26170,10214,9787,9927,9510,9648
11793,11633,10934,11020,11166,"VIFSA Leongatha District",11318,"South Gippsland (S)",10666,10791,10864,10877,11474,"VIFSA.26170.20",13256,13118,12842,12980,12565,26170,12703,12252,12408,11944,12097
8510,8470,8348,8329,8359,"VIFSA Promontory District",8394,"South Gippsland (S)",8326,8388,8411,8387,8431,"VIFSA.26170.30",8712,8696,8663,8680,8631,26170,8647,8580,8605,8532,8555
9676,9700,9846,9821,9786,"VIFSA Hamilton Town",9755,"Southern Grampians (S)",10225,10115,9992,9882,9727,"VIFSA.26260.10",9517,9526,9550,9537,9580,26260,9564,9613,9595,9653,9632
5903,5929,6038,6048,6015,"VIFSA Southern Grampians Rural",5985,"Southern Grampians (S)",6346,6256,6149,6036,5956,"VIFSA.26260.20",5821,5822,5827,5824,5835,26260,5830,5859,5846,5887,5872
46734,46221,43350,43902,44499,"VIFSA Malvern District",45081,"Stonnington (C)",41268,41789,42212,42781,45672,"VIFSA.26350.10",51485,51054,50202,50626,49354,26350,49779,48301,48833,47240,47769
48191,46018,33856,36731,39233,"VIFSA Docklands-Southbank District",41383,"Melbourne (C)",24796,26470,29593,31702,43859,"VIFSA.24600.20",64192,62532,59297,60915,56390,24600,57770,53143,54886,50333,51735
70553,68238,56392,58817,60933,"VIFSA Parkville-West Melbourne District",63080,"Melbourne (C)",48395,49776,52117,54245,65699,"VIFSA.24600.30",90114,87914,83809,85914,80297,24600,81903,76594,78487,72756,74620
85609,83008,70070,72895,75248,"VIFSA Caroline Springs-Hillside District",77875,"Melton (C)",61079,63309,65594,67879,80409,"VIFSA.24650.10",113601,110873,105288,108096,99528,24650,102428,93708,96583,88137,90873
41616,40758,36474,37203,38077,"VIFSA Melton Central District",38989,"Melton (C)",32761,34083,35028,35973,39866,"VIFSA.24650.20",50154,49316,47631,48474,45918,24650,46785,44199,45056,42465,43334
42697,38908,24948,26440,28425,"VIFSA Rockbank District",31663,"Melton (C)",18803,20519,22225,23835,35382,"VIFSA.24650.30",95148,89147,77389,83221,66190,24650,71684,55886,60895,46753,51172
3426,3454,3642,3575,3543,"VIFSA Mildura Rural",3512,"Mildura (RC)",3833,3813,3761,3716,3483,"VIFSA.24780.10",3378,3381,3389,3385,3400,24780,3394,3408,3403,3419,3413
52446,51954,49672,50112,50543,"VIFSA Mildura Town",50997,"Mildura (RC)",47989,48384,48885,49320,51469,"VIFSA.24780.20",58191,57586,56407,56992,55272,24780,55835,54099,54679,52983,53534
40694,38028,28604,29756,31158,"VIFSA Kilmore-Wallan District",33302,"Mitchell (S)",24227,25330,26482,27533,35569,"VIFSA.24850.10",75109,71455,64143,67795,56984,24850,60535,50072,53488,43622,46767
10896,10906,10977,10976,10953,"VIFSA Seymour District",10934,"Mitchell (S)",10841,10814,10865,10984,10918,"VIFSA.24850.20",10929,10917,10895,10905,10880,24850,10887,10879,10878,10887,10882
19039,18983,18733,18780,18825,"VIFSA Cobram-Numurkah District",18876,"Moira (S)",18691,18800,18676,18708,18928,"VIFSA.24900.10",19716,19644,19500,19572,19361,24900,19429,19227,19292,19099,19163
10905,10796,10244,10375,10478,"VIFSA Katamatite-Yarrawonga District",10583,"Moira (S)",9715,9847,9977,10125,10689,"VIFSA.24900.20",11948,11844,11636,11740,11430,24900,11532,11217,11323,11007,11112
3272,3295,3414,3393,3366,"VIFSA Robinvale Town",3341,"Swan Hill (RC)",3609,3572,3554,3442,3318,"VIFSA.26610.10",3163,3158,3149,3153,3143,26610,3146,3192,3167,3245,3218
6117,6142,6318,6258,6226,"VIFSA Swan Hill Rural",6196,"Swan Hill (RC)",6646,6615,6516,6389,6168,"VIFSA.26610.20",6153,6142,6121,6131,6106,26610,6113,6105,6105,6111,6107
55202,54699,50813,51835,52818,"VIFSA Clayton-Oakleigh District",53533,"Monash (C)",47314,48343,49211,50091,54144,"VIFSA.24970.10",60767,60153,58954,59544,57788,24970,58371,56706,57234,55670,56184
83896,83781,82719,83097,83282,"VIFSA Glen Waverley-Mulgrave District",83477,"Monash (C)",79506,80241,81008,81972,83616,"VIFSA.24970.20",87689,87236,86339,86778,85446,24970,85898,84790,85102,84146,84461
11776,11621,10879,11028,11170,"VIFSA Swan Hill Town",11317,"Swan Hill (RC)",10610,10767,10785,10749,11468,"VIFSA.26610.30",12951,12829,12592,12709,12365,26610,12477,12120,12241,11888,12002
5683,5691,5766,5740,5724,"VIFSA Towong Shire",5712,"Towong (S)",5918,5911,5885,5796,5701,"VIFSA.26670.10",5766,5752,5726,5739,5704,26670,5715,5692,5697,5685,5688
9015,9005,8992,8989,8988,"VIFSA Wangaratta Rural",8991,"Wangaratta (RC)",9232,9177,9061,9000,8997,"VIFSA.26700.10",9113,9102,9083,9092,9068,26700,9075,9041,9054,9022,9030
18956,18839,18264,18421,18516,"VIFSA Wangaratta Town",18617,"Wangaratta (RC)",17980,18044,18115,18117,18726,"VIFSA.26700.20",20322,20170,19874,20021,19589,26700,19731,19323,19454,19074,19196
35932,35486,33626,33795,34201,"VIFSA Warrnambool City",34621,"Warrnambool (C)",32661,32971,33239,33494,35050,"VIFSA.26730.10",40670,40170,39193,39678,38239,26730,38713,37296,37763,36379,36834
14229,14132,13716,13780,13860,"VIFSA Heyfield-Maffra District",13947,"Wellington (S)",13729,13819,13701,13687,14038,"VIFSA.26810.10",15167,15075,14891,14983,14708,26810,14799,14511,14609,14321,14415
9158,9057,8645,8674,8764,"VIFSA Rosedale District",8859,"Wellington (S)",8565,8631,8659,8637,8957,"VIFSA.26810.20",10281,10166,9936,10051,9706,26810,9821,9483,9594,9265,9373
15525,15377,14746,14824,14954,"VIFSA Sale Town",15090,"Wellington (S)",14441,14557,14669,14705,15232,"VIFSA.26810.30",17157,16992,16662,16827,16332,26810,16497,16004,16167,15682,15842
5144,5151,5185,5189,5176,"VIFSA Yarram District",5166,"Wellington (S)",5329,5268,5251,5193,5158,"VIFSA.26810.40",5026,5041,5072,5057,5103,26810,5088,5118,5110,5135,5126
3828,3847,3969,3933,3910,"VIFSA West Wimmera Shire",3888,"West Wimmera (S)",4285,4201,4107,4012,3867,"VIFSA.26890.10",3631,3643,3668,3655,3696,26890,3682,3746,3720,3800,3772
56556,56185,53567,54304,54861,"VIFSA Mount Waverley District",55343,"Monash (C)",50525,51347,52129,52974,55772,"VIFSA.24970.30",61037,60503,59473,59977,58487,24970,58978,57642,58048,56876,57249
43006,42907,41843,42206,42409,"VIFSA Airport West-Niddrie District",42618,"Moonee Valley (C)",39100,39604,40236,41101,42767,"VIFSA.25060.10",48076,47392,46119,46736,44995,25060,45538,44133,44540,43355,43736
86147,84825,77486,79176,80524,"VIFSA Ascot Vale-Strathmore District",81912,"Moonee Valley (C)",73094,73908,74773,76236,83434,"VIFSA.25060.20",97612,96281,93918,95048,91796,25060,92832,89653,90811,87317,88476
23833,23216,19954,20628,21262,"VIFSA Bacchus Marsh District",21927,"Moorabool (S)",17488,18055,18915,19446,22571,"VIFSA.25150.10",31085,30405,28970,29715,27452,25150,28215,25990,26717,24539,25263
7026,6895,6240,6384,6508,"VIFSA Ballan District",6635,"Moorabool (S)",5878,6004,6074,6103,6764,"VIFSA.25150.20",8137,8024,7796,7910,7568,25150,7682,7348,7458,7132,7240
5625,5579,5388,5409,5448,"VIFSA Gordon-Mount Egerton District",5490,"Moorabool (S)",5299,5317,5337,5374,5534,"VIFSA.25150.30",6191,6135,6023,6079,5910,25150,5967,5794,5852,5680,5737
60282,59280,52488,54283,55736,"VIFSA Brunswick District",56931,"Moreland (C)",47598,48424,49963,51271,58161,"VIFSA.25250.10",68045,67331,65890,66623,64436,25250,65161,62881,63673,61162,62117
76676,75296,68744,69834,70948,"VIFSA Coburg-Pascoe Vale District",72418,"Moreland (C)",64452,65441,66425,67634,73886,"VIFSA.25250.20",89684,88385,85856,87101,83369,25250,84625,80903,82137,78122,79607
49300,48677,45327,46061,46694,"VIFSA Fawkner-Glenroy District",47377,"Moreland (C)",42196,42807,43540,44623,48004,"VIFSA.25250.30",55899,55238,53933,54578,52653,25250,53292,51263,51945,49931,50590
58151,57467,53791,54464,55179,"VIFSA Flinders-Nepean District",55971,"Mornington Peninsula (S)",51732,52111,52550,52869,56715,"VIFSA.25340.10",65051,64369,62989,63680,61574,25340,62287,60215,60892,58824,59523
43409,42787,39771,40073,40731,"VIFSA Hastings-Somerville District",41442,"Mornington Peninsula (S)",38792,39013,39095,39580,42109,"VIFSA.25340.20",49477,48945,47809,48385,46581,25340,47207,45328,45960,44027,44669
67583,66784,62279,63249,64220,"VIFSA Mornington District",65146,"Mornington Peninsula (S)",58747,59706,60500,61351,65964,"VIFSA.25340.30",75520,74779,73222,74007,71570,25340,72411,69981,70766,68373,69180
57202,56821,54318,54945,55428,"VIFSA Blackburn-Forest Hill District",55902,"Whitehorse (C)",52654,52953,53530,53936,56385,"VIFSA.26980.10",60183,59883,59298,59583,58731,26980,59017,58150,58463,57551,57843
68350,67567,60957,62896,64450,"VIFSA Box Hill District",65593,"Whitehorse (C)",56748,57456,58512,59691,66680,"VIFSA.26980.20",75273,74469,72960,73695,71570,26980,72255,70314,70936,69090,69699
52347,52157,50743,51108,51378,"VIFSA Nunawading-Vermont District",51662,"Whitehorse (C)",48140,48881,49538,50052,51912,"VIFSA.26980.30",54228,54058,53721,53884,53390,26980,53559,52960,53184,52528,52739
144923,138043,105169,111552,118020,"VIFSA Epping-Whittlesea District",124647,"Whittlesea (C)",74587,83490,92091,99009,131244,"VIFSA.27070.10",208999,203396,191411,197483,178935,27070,185240,165661,172402,151737,158657
10909,10772,10147,10249,10374,"VIFSA Castlemaine Town",10504,"Mount Alexander (S)",9920,9907,9976,10056,10637,"VIFSA.25430.10",12279,12143,11871,12007,11599,25430,11735,11318,11458,11044,11180
8382,8323,8073,8111,8160,"VIFSA Mount Alexander Rural",8213,"Mount Alexander (S)",7957,7981,8003,8044,8267,"VIFSA.25430.20",8811,8780,8718,8749,8656,25430,8687,8543,8599,8434,8488
10008,9893,9396,9457,9561,"VIFSA Macarthur-Port Fairy District",9669,"Moyne (S)",9076,9188,9288,9346,9780,"VIFSA.25490.10",10962,10870,10692,10780,10521,25490,10606,10310,10414,10107,10208
7083,7072,7020,7046,7049,"VIFSA Mortlake-Woolsthorpe District",7055,"Moyne (S)",7094,7091,7016,7002,7063,"VIFSA.25490.20",7282,7255,7206,7230,7162,25490,7183,7126,7143,7096,7111
6690,6624,6360,6376,6435,"VIFSA Alexandra District",6496,"Murrindindi (S)",6237,6291,6296,6348,6559,"VIFSA.25620.10",7618,7505,7282,7393,7063,25620,7172,6910,6985,6762,6835
7682,7612,7287,7336,7397,"VIFSA Kinglake-Yea District",7469,"Murrindindi (S)",7087,7133,7183,7246,7539,"VIFSA.25620.20",8543,8442,8247,8343,8064,25620,8155,7908,7985,7755,7831
30187,30257,30406,30373,30355,"VIFSA Eltham-Kangaroo Ground District",30348,"Nillumbik (S)",30497,30462,30415,30488,30301,"VIFSA.25710.10",30693,30611,30413,30516,30169,25710,30297,30160,30160,30164,30160
8910,8897,8776,8803,8825,"VIFSA Hurstbridge-St Andrews District",8855,"Nillumbik (S)",8887,8842,8818,8772,8875,"VIFSA.25710.20",9588,9522,9385,9453,9241,25710,9314,9103,9171,8970,9036
25287,25044,23736,23913,24211,"VIFSA Plenty-Wattle Glen District",24504,"Nillumbik (S)",23332,23447,23443,23612,24774,"VIFSA.25710.30",28398,28113,27522,27822,26878,25710,27205,26254,26566,25605,25933
3395,3397,3454,3414,3407,"VIFSA St Arnaud District",3403,"Northern Grampians (S)",3592,3634,3579,3501,3400,"VIFSA.25810.10",3364,3362,3360,3361,3360,25810,3359,3371,3365,3386,3378
8159,8171,8223,8243,8221,"VIFSA Stawell District",8201,"Northern Grampians (S)",8461,8306,8200,8218,8185,"VIFSA.25810.20",8177,8149,8096,8122,8050,25810,8073,8087,8068,8132,8109
48053,47465,44428,44902,45531,"VIFSA Lalor-Thomastown District",46201,"Whittlesea (C)",42212,42687,43330,43961,46827,"VIFSA.27070.20",55978,55093,53374,54221,51723,27070,52541,50225,50964,48762,49489
46329,45992,44186,44441,44829,"VIFSA Mill Park District",45251,"Whittlesea (C)",44001,43778,43705,44036,45615,"VIFSA.27070.30",51942,51231,49891,50542,48660,27070,49266,47688,48164,46753,47215
54440,51905,46127,46920,47592,"VIFSA Albert Park-Port Melbourne District",48700,"Port Phillip (C)",40817,42404,43579,44868,50146,"VIFSA.25900.10",74111,72529,69212,70906,65615,25900,67463,61538,63764,56958,59292
43083,42332,38773,39439,40141,"VIFSA Wodonga Rural City",40858,"Wodonga (RC)",36025,36576,37317,38131,41589,"VIFSA.27170.10",51428,50551,48815,49679,47102,27170,47957,45466,46278,43867,44661
123200,118258,96057,100565,104558,"VIFSA Hoppers Crossing-Truganina District",108884,"Wyndham (C)",73953,79580,83897,89609,113362,"VIFSA.27260.10",165812,162193,154376,158486,146035,27260,150218,137022,141586,127772,132428
71120,69281,58545,61170,63449,"VIFSA Point Cook-Werribee South District",65489,"Wyndham (C)",44224,48359,51881,55634,67408,"VIFSA.27260.20",86398,84873,81712,83290,78521,27260,80121,75509,76998,72569,74030
72138,68715,55165,56818,59053,"VIFSA Werribee-Wyndham Vale District",62034,"Wyndham (C)",48521,50920,53333,54472,65292,"VIFSA.27260.30",107332,103803,96685,100247,89494,27260,93098,82514,85991,75561,79035
67193,65819,58138,60274,61870,"VIFSA Abbotsford-Fitzroy District",63229,"Yarra (C)",51060,52234,53972,55927,64559,"VIFSA.27350.10",78368,77329,75283,76311,73235,27350,74260,70878,72053,68460,69697
35278,34704,31178,31951,32804,"VIFSA Burnley-Richmond District",33467,"Yarra (C)",27841,28738,29540,30540,34128,"VIFSA.27350.20",40652,40150,39138,39651,38122,27350,38628,37016,37575,35917,36461
63233,62867,60603,61130,61631,"VIFSA Elwood-St Kilda District",62067,"Port Phillip (C)",56443,57989,58842,59977,62472,"VIFSA.25900.20",66375,66066,65436,65750,64784,25900,65115,64181,64486,63598,63882
74103,73104,66552,68217,69684,"VIFSA Prahran-Toorak District",70859,"Stonnington (C)",57585,59398,60898,63200,72055,"VIFSA.26350.20",83077,82177,80406,81288,78677,26350,79536,76911,77814,75102,76015
10308,10229,9871,9938,10005,"VIFSA Strathbogie Shire",10076,"Strathbogie (S)",9601,9663,9698,9809,10151,"VIFSA.26430.10",11108,11024,10859,10940,10699,26430,10779,10536,10617,10382,10458
10966,10891,10643,10607,10674,"VIFSA Surf Coast Rural",10745,"Surf Coast (S)",10960,10965,10960,10698,10817,"VIFSA.26490.10",11798,11711,11538,11624,11366,26490,11452,11202,11284,11043,11122
22198,21499,18237,18730,19414,"VIFSA Torquay Town",20106,"Surf Coast (S)",15702,16514,17306,17776,20801,"VIFSA.26490.20",28143,27570,26425,26997,25283,26490,25853,24041,24661,22810,23424
